{"cameraMode":{"drawMode":0,"name":"Shaded","section":"Shading Mode"},"sceneLighting":true,"audioPlay":false,"sceneViewState":{"m_AlwaysRefresh":false,"showFog":true,"showSkybox":true,"showFlares":true,"showImageEffects":true,"showParticleSystems":true,"showVisualEffectGraphs":true,"m_FxEnabled":true},"in2DMode":false,"pivot":{"x":-17.040895462036134,"y":5.1970343589782719,"z":-1.5992306470870972},"rotation":{"x":-0.0657423660159111,"y":-0.4849702715873718,"z":0.03659060224890709,"w":-0.8712930679321289},"size":0.07322147488594055,"orthographic":false}